{
  "project_info": {
    "project_number": "372905716687",
    "firebase_url": "https://olmmistry.firebaseio.com",
    "project_id": "olmmistry",
    "storage_bucket": "olmmistry.appspot.com"
  },
  "client": [
    {
      "client_info": {
        "mobilesdk_app_id": "1:372905716687:android:9a890e4a7c31345c",
        "android_client_info": {
          "package_name": "com.online.online_mistry"
        }
      },
      "oauth_client": [
        {
          "client_id": "372905716687-e1u0qbeuere0u1i6nemkvjcvienshj36.apps.googleusercontent.com",
          "client_type": 3
        }
      ],
      "api_key": [
        {
          "current_key": "AIzaSyBrbaEA1j9JXeDZIqrOkZfXbz42ZQ4uKRw"
        }
      ],
      "services": {
        "analytics_service": {
          "status": 1
        },
        "appinvite_service": {
          "status": 1,
          "other_platform_oauth_client": []
        },
        "ads_service": {
          "status": 2
        }
      }
    }
  ],
  "configuration_version": "1"
}